Code Domaine,Domaine,Code zone (M49),Zone,Code Élément,Élément,Code Produit (CPC),Produit,Code année,Année,Unité,Valeur,Symbole,Description du Symbole
QCL,Cultures et produits animaux,4,Afghanistan,5510,Production,21121,"Viande, poulet, fraîche ou réfrigérée",2021,2021,tonnes,28480,I,Valeur imputée
QCL,Cultures et produits animaux,710,Afrique du Sud,5510,Production,21121,"Viande, poulet, fraîche ou réfrigérée",2021,2021,tonnes,1910000,A,Chiffre officiel
QCL,Cultures et produits animaux,8,Albanie,5510,Production,21121,"Viande, poulet, fraîche ou réfrigérée",2021,2021,tonnes,13250,A,Chiffre officiel
QCL,Cultures et produits animaux,12,Algérie,5510,Production,21121,"Viande, poulet, fraîche ou réfrigérée",2021,2021,tonnes,"273520,2",I,Valeur imputée
QCL,Cultures et produits animaux,276,Allemagne,5510,Production,21121,"Viande, poulet, fraîche ou réfrigérée",2021,2021,tonnes,1080000,A,Chiffre officiel
QCL,Cultures et produits animaux,24,Angola,5510,Production,21121,"Viande, poulet, fraîche ou réfrigérée",2021,2021,tonnes,"55384,7",I,Valeur imputée
QCL,Cultures et produits animaux,28,Antigua-et-Barbuda,5510,Production,21121,"Viande, poulet, fraîche ou réfrigérée",2021,2021,tonnes,"33,6",I,Valeur imputée
QCL,Cultures et produits animaux,682,Arabie saoudite,5510,Production,21121,"Viande, poulet, fraîche ou réfrigérée",2021,2021,tonnes,930000,A,Chiffre officiel
QCL,Cultures et produits animaux,32,Argentine,5510,Production,21121,"Viande, poulet, fraîche ou réfrigérée",2021,2021,tonnes,"2294101,4",A,Chiffre officiel
QCL,Cultures et produits animaux,51,Arménie,5510,Production,21121,"Viande, poulet, fraîche ou réfrigérée",2021,2021,tonnes,14600,A,Chiffre officiel
QCL,Cultures et produits animaux,36,Australie,5510,Production,21121,"Viande, poulet, fraîche ou réfrigérée",2021,2021,tonnes,1292240,A,Chiffre officiel
QCL,Cultures et produits animaux,40,Autriche,5510,Production,21121,"Viande, poulet, fraîche ou réfrigérée",2021,2021,tonnes,129390,A,Chiffre officiel
QCL,Cultures et produits animaux,31,Azerbaïdjan,5510,Production,21121,"Viande, poulet, fraîche ou réfrigérée",2021,2021,tonnes,124388,A,Chiffre officiel
QCL,Cultures et produits animaux,44,Bahamas,5510,Production,21121,"Viande, poulet, fraîche ou réfrigérée",2021,2021,tonnes,6138,I,Valeur imputée
QCL,Cultures et produits animaux,48,Bahreïn,5510,Production,21121,"Viande, poulet, fraîche ou réfrigérée",2021,2021,tonnes,8262,A,Chiffre officiel
QCL,Cultures et produits animaux,50,Bangladesh,5510,Production,21121,"Viande, poulet, fraîche ou réfrigérée",2021,2021,tonnes,"215838,4",I,Valeur imputée
QCL,Cultures et produits animaux,52,Barbade,5510,Production,21121,"Viande, poulet, fraîche ou réfrigérée",2021,2021,tonnes,13183,A,Chiffre officiel
QCL,Cultures et produits animaux,112,Bélarus,5510,Production,21121,"Viande, poulet, fraîche ou réfrigérée",2021,2021,tonnes,503200,X,Ciffre de sources internationales
QCL,Cultures et produits animaux,56,Belgique,5510,Production,21121,"Viande, poulet, fraîche ou réfrigérée",2021,2021,tonnes,447710,A,Chiffre officiel
QCL,Cultures et produits animaux,84,Belize,5510,Production,21121,"Viande, poulet, fraîche ou réfrigérée",2021,2021,tonnes,19187,A,Chiffre officiel
QCL,Cultures et produits animaux,204,Bénin,5510,Production,21121,"Viande, poulet, fraîche ou réfrigérée",2021,2021,tonnes,"9359,4",A,Chiffre officiel
QCL,Cultures et produits animaux,64,Bhoutan,5510,Production,21121,"Viande, poulet, fraîche ou réfrigérée",2021,2021,tonnes,"1865,5",A,Chiffre officiel
QCL,Cultures et produits animaux,68,Bolivie (État plurinational de),5510,Production,21121,"Viande, poulet, fraîche ou réfrigérée",2021,2021,tonnes,"506148,1",A,Chiffre officiel
QCL,Cultures et produits animaux,70,Bosnie-Herzégovine,5510,Production,21121,"Viande, poulet, fraîche ou réfrigérée",2021,2021,tonnes,63703,A,Chiffre officiel
QCL,Cultures et produits animaux,72,Botswana,5510,Production,21121,"Viande, poulet, fraîche ou réfrigérée",2021,2021,tonnes,"1266,8",I,Valeur imputée
QCL,Cultures et produits animaux,76,Brésil,5510,Production,21121,"Viande, poulet, fraîche ou réfrigérée",2021,2021,tonnes,14329000,X,Ciffre de sources internationales
QCL,Cultures et produits animaux,96,Brunéi Darussalam,5510,Production,21121,"Viande, poulet, fraîche ou réfrigérée",2021,2021,tonnes,"31444,6",I,Valeur imputée
QCL,Cultures et produits animaux,100,Bulgarie,5510,Production,21121,"Viande, poulet, fraîche ou réfrigérée",2021,2021,tonnes,90680,A,Chiffre officiel
QCL,Cultures et produits animaux,854,Burkina Faso,5510,Production,21121,"Viande, poulet, fraîche ou réfrigérée",2021,2021,tonnes,149121,A,Chiffre officiel
QCL,Cultures et produits animaux,108,Burundi,5510,Production,21121,"Viande, poulet, fraîche ou réfrigérée",2021,2021,tonnes,"8228,5",I,Valeur imputée
QCL,Cultures et produits animaux,132,Cabo Verde,5510,Production,21121,"Viande, poulet, fraîche ou réfrigérée",2021,2021,tonnes,"581,4",I,Valeur imputée
QCL,Cultures et produits animaux,116,Cambodge,5510,Production,21121,"Viande, poulet, fraîche ou réfrigérée",2021,2021,tonnes,"16296,8",I,Valeur imputée
QCL,Cultures et produits animaux,120,Cameroun,5510,Production,21121,"Viande, poulet, fraîche ou réfrigérée",2021,2021,tonnes,"104762,1",I,Valeur imputée
QCL,Cultures et produits animaux,124,Canada,5510,Production,21121,"Viande, poulet, fraîche ou réfrigérée",2021,2021,tonnes,1334020,A,Chiffre officiel
QCL,Cultures et produits animaux,152,Chili,5510,Production,21121,"Viande, poulet, fraîche ou réfrigérée",2021,2021,tonnes,"680289,5",A,Chiffre officiel
QCL,Cultures et produits animaux,159,Chine,5510,Production,21121,"Viande, poulet, fraîche ou réfrigérée",2021,2021,tonnes,"15413190,6",E,Valeur estimée
QCL,Cultures et produits animaux,344,Chine - RAS de Hong-Kong,5510,Production,21121,"Viande, poulet, fraîche ou réfrigérée",2021,2021,tonnes,"25550,9",E,Valeur estimée
QCL,Cultures et produits animaux,446,Chine - RAS de Macao,5510,Production,21121,"Viande, poulet, fraîche ou réfrigérée",2021,2021,tonnes,"3216,7",I,Valeur imputée
QCL,Cultures et produits animaux,156,"Chine, continentale",5510,Production,21121,"Viande, poulet, fraîche ou réfrigérée",2021,2021,tonnes,14700000,X,Ciffre de sources internationales
QCL,Cultures et produits animaux,158,"Chine, Taiwan Province de",5510,Production,21121,"Viande, poulet, fraîche ou réfrigérée",2021,2021,tonnes,684423,A,Chiffre officiel
QCL,Cultures et produits animaux,196,Chypre,5510,Production,21121,"Viande, poulet, fraîche ou réfrigérée",2021,2021,tonnes,26640,A,Chiffre officiel
QCL,Cultures et produits animaux,170,Colombie,5510,Production,21121,"Viande, poulet, fraîche ou réfrigérée",2021,2021,tonnes,"1694334,9",A,Chiffre officiel
QCL,Cultures et produits animaux,174,Comores,5510,Production,21121,"Viande, poulet, fraîche ou réfrigérée",2021,2021,tonnes,585,I,Valeur imputée
QCL,Cultures et produits animaux,178,Congo,5510,Production,21121,"Viande, poulet, fraîche ou réfrigérée",2021,2021,tonnes,"6883,8",I,Valeur imputée
QCL,Cultures et produits animaux,188,Costa Rica,5510,Production,21121,"Viande, poulet, fraîche ou réfrigérée",2021,2021,tonnes,147816,A,Chiffre officiel
QCL,Cultures et produits animaux,384,Côte d'Ivoire,5510,Production,21121,"Viande, poulet, fraîche ou réfrigérée",2021,2021,tonnes,63949,A,Chiffre officiel
QCL,Cultures et produits animaux,191,Croatie,5510,Production,21121,"Viande, poulet, fraîche ou réfrigérée",2021,2021,tonnes,58610,A,Chiffre officiel
QCL,Cultures et produits animaux,192,Cuba,5510,Production,21121,"Viande, poulet, fraîche ou réfrigérée",2021,2021,tonnes,17918,A,Chiffre officiel
QCL,Cultures et produits animaux,208,Danemark,5510,Production,21121,"Viande, poulet, fraîche ou réfrigérée",2021,2021,tonnes,163100,A,Chiffre officiel
QCL,Cultures et produits animaux,212,Dominique,5510,Production,21121,"Viande, poulet, fraîche ou réfrigérée",2021,2021,tonnes,"369,4",I,Valeur imputée
QCL,Cultures et produits animaux,818,Égypte,5510,Production,21121,"Viande, poulet, fraîche ou réfrigérée",2021,2021,tonnes,2403000,A,Chiffre officiel
QCL,Cultures et produits animaux,222,El Salvador,5510,Production,21121,"Viande, poulet, fraîche ou réfrigérée",2021,2021,tonnes,"155405,5",A,Chiffre officiel
QCL,Cultures et produits animaux,784,Émirats arabes unis,5510,Production,21121,"Viande, poulet, fraîche ou réfrigérée",2021,2021,tonnes,46494,A,Chiffre officiel
QCL,Cultures et produits animaux,218,Équateur,5510,Production,21121,"Viande, poulet, fraîche ou réfrigérée",2021,2021,tonnes,489786,A,Chiffre officiel
QCL,Cultures et produits animaux,232,Érythrée,5510,Production,21121,"Viande, poulet, fraîche ou réfrigérée",2021,2021,tonnes,"1143,2",I,Valeur imputée
QCL,Cultures et produits animaux,724,Espagne,5510,Production,21121,"Viande, poulet, fraîche ou réfrigérée",2021,2021,tonnes,1331410,A,Chiffre officiel
QCL,Cultures et produits animaux,233,Estonie,5510,Production,21121,"Viande, poulet, fraîche ou réfrigérée",2021,2021,tonnes,23300,A,Chiffre officiel
QCL,Cultures et produits animaux,748,Eswatini,5510,Production,21121,"Viande, poulet, fraîche ou réfrigérée",2021,2021,tonnes,"5520,6",I,Valeur imputée
QCL,Cultures et produits animaux,840,États-Unis d'Amérique,5510,Production,21121,"Viande, poulet, fraîche ou réfrigérée",2021,2021,tonnes,19003499,A,Chiffre officiel
QCL,Cultures et produits animaux,231,Éthiopie,5510,Production,21121,"Viande, poulet, fraîche ou réfrigérée",2021,2021,tonnes,"48847,9",I,Valeur imputée
QCL,Cultures et produits animaux,643,Fédération de Russie,5510,Production,21121,"Viande, poulet, fraîche ou réfrigérée",2021,2021,tonnes,4617338,A,Chiffre officiel
QCL,Cultures et produits animaux,242,Fidji,5510,Production,21121,"Viande, poulet, fraîche ou réfrigérée",2021,2021,tonnes,25715,A,Chiffre officiel
QCL,Cultures et produits animaux,246,Finlande,5510,Production,21121,"Viande, poulet, fraîche ou réfrigérée",2021,2021,tonnes,138600,A,Chiffre officiel
QCL,Cultures et produits animaux,250,France,5510,Production,21121,"Viande, poulet, fraîche ou réfrigérée",2021,2021,tonnes,1143000,A,Chiffre officiel
QCL,Cultures et produits animaux,266,Gabon,5510,Production,21121,"Viande, poulet, fraîche ou réfrigérée",2021,2021,tonnes,"4111,4",I,Valeur imputée
QCL,Cultures et produits animaux,270,Gambie,5510,Production,21121,"Viande, poulet, fraîche ou réfrigérée",2021,2021,tonnes,"1098,6",I,Valeur imputée
QCL,Cultures et produits animaux,268,Géorgie,5510,Production,21121,"Viande, poulet, fraîche ou réfrigérée",2021,2021,tonnes,25000,A,Chiffre officiel
QCL,Cultures et produits animaux,288,Ghana,5510,Production,21121,"Viande, poulet, fraîche ou réfrigérée",2021,2021,tonnes,65190,A,Chiffre officiel
QCL,Cultures et produits animaux,300,Grèce,5510,Production,21121,"Viande, poulet, fraîche ou réfrigérée",2021,2021,tonnes,235500,A,Chiffre officiel
QCL,Cultures et produits animaux,308,Grenade,5510,Production,21121,"Viande, poulet, fraîche ou réfrigérée",2021,2021,tonnes,"421,2",E,Valeur estimée
QCL,Cultures et produits animaux,320,Guatemala,5510,Production,21121,"Viande, poulet, fraîche ou réfrigérée",2021,2021,tonnes,342169,A,Chiffre officiel
QCL,Cultures et produits animaux,324,Guinée,5510,Production,21121,"Viande, poulet, fraîche ou réfrigérée",2021,2021,tonnes,"14996,9",I,Valeur imputée
QCL,Cultures et produits animaux,226,Guinée équatoriale,5510,Production,21121,"Viande, poulet, fraîche ou réfrigérée",2021,2021,tonnes,"260,3",I,Valeur imputée
QCL,Cultures et produits animaux,624,Guinée-Bissau,5510,Production,21121,"Viande, poulet, fraîche ou réfrigérée",2021,2021,tonnes,"3076,9",I,Valeur imputée
QCL,Cultures et produits animaux,328,Guyana,5510,Production,21121,"Viande, poulet, fraîche ou réfrigérée",2021,2021,tonnes,48945,A,Chiffre officiel
QCL,Cultures et produits animaux,332,Haïti,5510,Production,21121,"Viande, poulet, fraîche ou réfrigérée",2021,2021,tonnes,"8753,3",I,Valeur imputée
QCL,Cultures et produits animaux,340,Honduras,5510,Production,21121,"Viande, poulet, fraîche ou réfrigérée",2021,2021,tonnes,"243580,7",I,Valeur imputée
QCL,Cultures et produits animaux,348,Hongrie,5510,Production,21121,"Viande, poulet, fraîche ou réfrigérée",2021,2021,tonnes,367610,A,Chiffre officiel
QCL,Cultures et produits animaux,184,Îles Cook,5510,Production,21121,"Viande, poulet, fraîche ou réfrigérée",2021,2021,tonnes,"16,3",I,Valeur imputée
QCL,Cultures et produits animaux,90,Îles Salomon,5510,Production,21121,"Viande, poulet, fraîche ou réfrigérée",2021,2021,tonnes,"284,6",I,Valeur imputée
QCL,Cultures et produits animaux,356,Inde,5510,Production,21121,"Viande, poulet, fraîche ou réfrigérée",2021,2021,tonnes,"4641260,1",I,Valeur imputée
QCL,Cultures et produits animaux,360,Indonésie,5510,Production,21121,"Viande, poulet, fraîche ou réfrigérée",2021,2021,tonnes,3455498,A,Chiffre officiel
QCL,Cultures et produits animaux,364,Iran (République islamique d'),5510,Production,21121,"Viande, poulet, fraîche ou réfrigérée",2021,2021,tonnes,2106293,A,Chiffre officiel
QCL,Cultures et produits animaux,368,Iraq,5510,Production,21121,"Viande, poulet, fraîche ou réfrigérée",2021,2021,tonnes,144702,A,Chiffre officiel
QCL,Cultures et produits animaux,372,Irlande,5510,Production,21121,"Viande, poulet, fraîche ou réfrigérée",2021,2021,tonnes,147770,A,Chiffre officiel
QCL,Cultures et produits animaux,352,Islande,5510,Production,21121,"Viande, poulet, fraîche ou réfrigérée",2021,2021,tonnes,8997,A,Chiffre officiel
QCL,Cultures et produits animaux,376,Israël,5510,Production,21121,"Viande, poulet, fraîche ou réfrigérée",2021,2021,tonnes,541292,A,Chiffre officiel
QCL,Cultures et produits animaux,380,Italie,5510,Production,21121,"Viande, poulet, fraîche ou réfrigérée",2021,2021,tonnes,1068500,A,Chiffre officiel
QCL,Cultures et produits animaux,388,Jamaïque,5510,Production,21121,"Viande, poulet, fraîche ou réfrigérée",2021,2021,tonnes,125192,A,Chiffre officiel
QCL,Cultures et produits animaux,392,Japon,5510,Production,21121,"Viande, poulet, fraîche ou réfrigérée",2021,2021,tonnes,"2342999,8",I,Valeur imputée
QCL,Cultures et produits animaux,400,Jordanie,5510,Production,21121,"Viande, poulet, fraîche ou réfrigérée",2021,2021,tonnes,246582,A,Chiffre officiel
QCL,Cultures et produits animaux,398,Kazakhstan,5510,Production,21121,"Viande, poulet, fraîche ou réfrigérée",2021,2021,tonnes,"263560,5",A,Chiffre officiel
QCL,Cultures et produits animaux,404,Kenya,5510,Production,21121,"Viande, poulet, fraîche ou réfrigérée",2021,2021,tonnes,89450,A,Chiffre officiel
QCL,Cultures et produits animaux,417,Kirghizistan,5510,Production,21121,"Viande, poulet, fraîche ou réfrigérée",2021,2021,tonnes,11069,A,Chiffre officiel
QCL,Cultures et produits animaux,296,Kiribati,5510,Production,21121,"Viande, poulet, fraîche ou réfrigérée",2021,2021,tonnes,991,I,Valeur imputée
QCL,Cultures et produits animaux,414,Koweït,5510,Production,21121,"Viande, poulet, fraîche ou réfrigérée",2021,2021,tonnes,"64345,3",I,Valeur imputée
QCL,Cultures et produits animaux,426,Lesotho,5510,Production,21121,"Viande, poulet, fraîche ou réfrigérée",2021,2021,tonnes,"1060,1",I,Valeur imputée
QCL,Cultures et produits animaux,428,Lettonie,5510,Production,21121,"Viande, poulet, fraîche ou réfrigérée",2021,2021,tonnes,35080,A,Chiffre officiel
QCL,Cultures et produits animaux,422,Liban,5510,Production,21121,"Viande, poulet, fraîche ou réfrigérée",2021,2021,tonnes,"126642,4",I,Valeur imputée
QCL,Cultures et produits animaux,430,Libéria,5510,Production,21121,"Viande, poulet, fraîche ou réfrigérée",2021,2021,tonnes,"14336,7",I,Valeur imputée
QCL,Cultures et produits animaux,434,Libye,5510,Production,21121,"Viande, poulet, fraîche ou réfrigérée",2021,2021,tonnes,"131084,7",I,Valeur imputée
QCL,Cultures et produits animaux,440,Lituanie,5510,Production,21121,"Viande, poulet, fraîche ou réfrigérée",2021,2021,tonnes,85030,A,Chiffre officiel
QCL,Cultures et produits animaux,442,Luxembourg,5510,Production,21121,"Viande, poulet, fraîche ou réfrigérée",2021,2021,tonnes,0,A,Chiffre officiel
QCL,Cultures et produits animaux,807,Macédoine du Nord,5510,Production,21121,"Viande, poulet, fraîche ou réfrigérée",2021,2021,tonnes,1695,A,Chiffre officiel
QCL,Cultures et produits animaux,450,Madagascar,5510,Production,21121,"Viande, poulet, fraîche ou réfrigérée",2021,2021,tonnes,"52991,4",I,Valeur imputée
QCL,Cultures et produits animaux,458,Malaisie,5510,Production,21121,"Viande, poulet, fraîche ou réfrigérée",2021,2021,tonnes,"1583219,5",A,Chiffre officiel
QCL,Cultures et produits animaux,454,Malawi,5510,Production,21121,"Viande, poulet, fraîche ou réfrigérée",2021,2021,tonnes,"143705,3",I,Valeur imputée
QCL,Cultures et produits animaux,466,Mali,5510,Production,21121,"Viande, poulet, fraîche ou réfrigérée",2021,2021,tonnes,59780,I,Valeur imputée
QCL,Cultures et produits animaux,470,Malte,5510,Production,21121,"Viande, poulet, fraîche ou réfrigérée",2021,2021,tonnes,4070,A,Chiffre officiel
QCL,Cultures et produits animaux,504,Maroc,5510,Production,21121,"Viande, poulet, fraîche ou réfrigérée",2021,2021,tonnes,525000,A,Chiffre officiel
QCL,Cultures et produits animaux,480,Maurice,5510,Production,21121,"Viande, poulet, fraîche ou réfrigérée",2021,2021,tonnes,49100,A,Chiffre officiel
QCL,Cultures et produits animaux,478,Mauritanie,5510,Production,21121,"Viande, poulet, fraîche ou réfrigérée",2021,2021,tonnes,"3992,5",I,Valeur imputée
QCL,Cultures et produits animaux,484,Mexique,5510,Production,21121,"Viande, poulet, fraîche ou réfrigérée",2021,2021,tonnes,"3668551,3",A,Chiffre officiel
QCL,Cultures et produits animaux,583,Micronésie (États fédérés de),5510,Production,21121,"Viande, poulet, fraîche ou réfrigérée",2021,2021,tonnes,"160,6",I,Valeur imputée
QCL,Cultures et produits animaux,496,Mongolie,5510,Production,21121,"Viande, poulet, fraîche ou réfrigérée",2021,2021,tonnes,"245,8",A,Chiffre officiel
QCL,Cultures et produits animaux,499,Monténégro,5510,Production,21121,"Viande, poulet, fraîche ou réfrigérée",2021,2021,tonnes,"1332,7",I,Valeur imputée
QCL,Cultures et produits animaux,508,Mozambique,5510,Production,21121,"Viande, poulet, fraîche ou réfrigérée",2021,2021,tonnes,135708,A,Chiffre officiel
QCL,Cultures et produits animaux,104,Myanmar,5510,Production,21121,"Viande, poulet, fraîche ou réfrigérée",2021,2021,tonnes,620000,E,Valeur estimée
QCL,Cultures et produits animaux,516,Namibie,5510,Production,21121,"Viande, poulet, fraîche ou réfrigérée",2021,2021,tonnes,"11663,2",I,Valeur imputée
QCL,Cultures et produits animaux,520,Nauru,5510,Production,21121,"Viande, poulet, fraîche ou réfrigérée",2021,2021,tonnes,4,I,Valeur imputée
QCL,Cultures et produits animaux,524,Népal,5510,Production,21121,"Viande, poulet, fraîche ou réfrigérée",2021,2021,tonnes,226959,A,Chiffre officiel
QCL,Cultures et produits animaux,558,Nicaragua,5510,Production,21121,"Viande, poulet, fraîche ou réfrigérée",2021,2021,tonnes,143283,A,Chiffre officiel
QCL,Cultures et produits animaux,562,Niger,5510,Production,21121,"Viande, poulet, fraîche ou réfrigérée",2021,2021,tonnes,"20206,7",I,Valeur imputée
QCL,Cultures et produits animaux,566,Nigéria,5510,Production,21121,"Viande, poulet, fraîche ou réfrigérée",2021,2021,tonnes,"342959,3",I,Valeur imputée
QCL,Cultures et produits animaux,570,Nioué,5510,Production,21121,"Viande, poulet, fraîche ou réfrigérée",2021,2021,tonnes,"24,8",I,Valeur imputée
QCL,Cultures et produits animaux,578,Norvège,5510,Production,21121,"Viande, poulet, fraîche ou réfrigérée",2021,2021,tonnes,106043,A,Chiffre officiel
QCL,Cultures et produits animaux,540,Nouvelle-Calédonie,5510,Production,21121,"Viande, poulet, fraîche ou réfrigérée",2021,2021,tonnes,888,A,Chiffre officiel
QCL,Cultures et produits animaux,554,Nouvelle-Zélande,5510,Production,21121,"Viande, poulet, fraîche ou réfrigérée",2021,2021,tonnes,224397,A,Chiffre officiel
QCL,Cultures et produits animaux,512,Oman,5510,Production,21121,"Viande, poulet, fraîche ou réfrigérée",2021,2021,tonnes,"6563,9",I,Valeur imputée
QCL,Cultures et produits animaux,800,Ouganda,5510,Production,21121,"Viande, poulet, fraîche ou réfrigérée",2021,2021,tonnes,"69340,3",I,Valeur imputée
QCL,Cultures et produits animaux,860,Ouzbékistan,5510,Production,21121,"Viande, poulet, fraîche ou réfrigérée",2021,2021,tonnes,123600,X,Ciffre de sources internationales
QCL,Cultures et produits animaux,586,Pakistan,5510,Production,21121,"Viande, poulet, fraîche ou réfrigérée",2021,2021,tonnes,1809000,A,Chiffre officiel
QCL,Cultures et produits animaux,275,Palestine,5510,Production,21121,"Viande, poulet, fraîche ou réfrigérée",2021,2021,tonnes,"37625,5",I,Valeur imputée
QCL,Cultures et produits animaux,591,Panama,5510,Production,21121,"Viande, poulet, fraîche ou réfrigérée",2021,2021,tonnes,197594,A,Chiffre officiel
QCL,Cultures et produits animaux,598,Papouasie-Nouvelle-Guinée,5510,Production,21121,"Viande, poulet, fraîche ou réfrigérée",2021,2021,tonnes,"6708,4",I,Valeur imputée
QCL,Cultures et produits animaux,600,Paraguay,5510,Production,21121,"Viande, poulet, fraîche ou réfrigérée",2021,2021,tonnes,"75054,5",I,Valeur imputée
QCL,Cultures et produits animaux,528,Pays-Bas (Royaume des),5510,Production,21121,"Viande, poulet, fraîche ou réfrigérée",2021,2021,tonnes,869380,A,Chiffre officiel
QCL,Cultures et produits animaux,604,Pérou,5510,Production,21121,"Viande, poulet, fraîche ou réfrigérée",2021,2021,tonnes,"1751607,8",A,Chiffre officiel
QCL,Cultures et produits animaux,608,Philippines,5510,Production,21121,"Viande, poulet, fraîche ou réfrigérée",2021,2021,tonnes,"1343496,3",A,Chiffre officiel
QCL,Cultures et produits animaux,616,Pologne,5510,Production,21121,"Viande, poulet, fraîche ou réfrigérée",2021,2021,tonnes,2096770,A,Chiffre officiel
QCL,Cultures et produits animaux,258,Polynésie française,5510,Production,21121,"Viande, poulet, fraîche ou réfrigérée",2021,2021,tonnes,"591,3",I,Valeur imputée
QCL,Cultures et produits animaux,630,Porto Rico,5510,Production,21121,"Viande, poulet, fraîche ou réfrigérée",2021,2021,tonnes,24479,I,Valeur imputée
QCL,Cultures et produits animaux,620,Portugal,5510,Production,21121,"Viande, poulet, fraîche ou réfrigérée",2021,2021,tonnes,300040,A,Chiffre officiel
QCL,Cultures et produits animaux,634,Qatar,5510,Production,21121,"Viande, poulet, fraîche ou réfrigérée",2021,2021,tonnes,35344,A,Chiffre officiel
QCL,Cultures et produits animaux,760,République arabe syrienne,5510,Production,21121,"Viande, poulet, fraîche ou réfrigérée",2021,2021,tonnes,113313,A,Chiffre officiel
QCL,Cultures et produits animaux,140,République centrafricaine,5510,Production,21121,"Viande, poulet, fraîche ou réfrigérée",2021,2021,tonnes,"6444,4",I,Valeur imputée
QCL,Cultures et produits animaux,410,République de Corée,5510,Production,21121,"Viande, poulet, fraîche ou réfrigérée",2021,2021,tonnes,935000,X,Ciffre de sources internationales
QCL,Cultures et produits animaux,498,République de Moldova,5510,Production,21121,"Viande, poulet, fraîche ou réfrigérée",2021,2021,tonnes,"51599,9",I,Valeur imputée
QCL,Cultures et produits animaux,180,République démocratique du Congo,5510,Production,21121,"Viande, poulet, fraîche ou réfrigérée",2021,2021,tonnes,10532,A,Chiffre officiel
QCL,Cultures et produits animaux,418,République démocratique populaire lao,5510,Production,21121,"Viande, poulet, fraîche ou réfrigérée",2021,2021,tonnes,"36417,4",I,Valeur imputée
QCL,Cultures et produits animaux,214,République dominicaine,5510,Production,21121,"Viande, poulet, fraîche ou réfrigérée",2021,2021,tonnes,"347491,6",A,Chiffre officiel
QCL,Cultures et produits animaux,408,République populaire démocratique de Corée,5510,Production,21121,"Viande, poulet, fraîche ou réfrigérée",2021,2021,tonnes,"30902,2",I,Valeur imputée
QCL,Cultures et produits animaux,834,République-Unie de Tanzanie,5510,Production,21121,"Viande, poulet, fraîche ou réfrigérée",2021,2021,tonnes,86206,A,Chiffre officiel
QCL,Cultures et produits animaux,642,Roumanie,5510,Production,21121,"Viande, poulet, fraîche ou réfrigérée",2021,2021,tonnes,451850,A,Chiffre officiel
QCL,Cultures et produits animaux,826,Royaume-Uni de Grande-Bretagne et d'Irlande du Nord,5510,Production,21121,"Viande, poulet, fraîche ou réfrigérée",2021,2021,tonnes,1841000,A,Chiffre officiel
QCL,Cultures et produits animaux,646,Rwanda,5510,Production,21121,"Viande, poulet, fraîche ou réfrigérée",2021,2021,tonnes,"13457,7",E,Valeur estimée
QCL,Cultures et produits animaux,662,Sainte-Lucie,5510,Production,21121,"Viande, poulet, fraîche ou réfrigérée",2021,2021,tonnes,"1366,3",I,Valeur imputée
QCL,Cultures et produits animaux,659,Saint-Kitts-et-Nevis,5510,Production,21121,"Viande, poulet, fraîche ou réfrigérée",2021,2021,tonnes,"16,5",I,Valeur imputée
QCL,Cultures et produits animaux,670,Saint-Vincent-et-les Grenadines,5510,Production,21121,"Viande, poulet, fraîche ou réfrigérée",2021,2021,tonnes,"452,7",I,Valeur imputée
QCL,Cultures et produits animaux,882,Samoa,5510,Production,21121,"Viande, poulet, fraîche ou réfrigérée",2021,2021,tonnes,"403,3",I,Valeur imputée
QCL,Cultures et produits animaux,678,Sao Tomé-et-Principe,5510,Production,21121,"Viande, poulet, fraîche ou réfrigérée",2021,2021,tonnes,"701,2",E,Valeur estimée
QCL,Cultures et produits animaux,686,Sénégal,5510,Production,21121,"Viande, poulet, fraîche ou réfrigérée",2021,2021,tonnes,133202,A,Chiffre officiel
QCL,Cultures et produits animaux,688,Serbie,5510,Production,21121,"Viande, poulet, fraîche ou réfrigérée",2021,2021,tonnes,110528,A,Chiffre officiel
QCL,Cultures et produits animaux,690,Seychelles,5510,Production,21121,"Viande, poulet, fraîche ou réfrigérée",2021,2021,tonnes,"1470,2",I,Valeur imputée
QCL,Cultures et produits animaux,694,Sierra Leone,5510,Production,21121,"Viande, poulet, fraîche ou réfrigérée",2021,2021,tonnes,19748,I,Valeur imputée
QCL,Cultures et produits animaux,702,Singapour,5510,Production,21121,"Viande, poulet, fraîche ou réfrigérée",2021,2021,tonnes,75962,I,Valeur imputée
QCL,Cultures et produits animaux,705,Slovénie,5510,Production,21121,"Viande, poulet, fraîche ou réfrigérée",2021,2021,tonnes,66600,A,Chiffre officiel
QCL,Cultures et produits animaux,706,Somalie,5510,Production,21121,"Viande, poulet, fraîche ou réfrigérée",2021,2021,tonnes,"3986,1",I,Valeur imputée
QCL,Cultures et produits animaux,729,Soudan,5510,Production,21121,"Viande, poulet, fraîche ou réfrigérée",2021,2021,tonnes,79815,I,Valeur imputée
QCL,Cultures et produits animaux,728,Soudan du Sud,5510,Production,21121,"Viande, poulet, fraîche ou réfrigérée",2021,2021,tonnes,"49274,8",E,Valeur estimée
QCL,Cultures et produits animaux,144,Sri Lanka,5510,Production,21121,"Viande, poulet, fraîche ou réfrigérée",2021,2021,tonnes,236790,A,Chiffre officiel
QCL,Cultures et produits animaux,752,Suède,5510,Production,21121,"Viande, poulet, fraîche ou réfrigérée",2021,2021,tonnes,179690,A,Chiffre officiel
QCL,Cultures et produits animaux,756,Suisse,5510,Production,21121,"Viande, poulet, fraîche ou réfrigérée",2021,2021,tonnes,107315,A,Chiffre officiel
QCL,Cultures et produits animaux,740,Suriname,5510,Production,21121,"Viande, poulet, fraîche ou réfrigérée",2021,2021,tonnes,12332,A,Chiffre officiel
QCL,Cultures et produits animaux,762,Tadjikistan,5510,Production,21121,"Viande, poulet, fraîche ou réfrigérée",2021,2021,tonnes,30900,A,Chiffre officiel
QCL,Cultures et produits animaux,148,Tchad,5510,Production,21121,"Viande, poulet, fraîche ou réfrigérée",2021,2021,tonnes,"6498,6",I,Valeur imputée
QCL,Cultures et produits animaux,203,Tchéquie,5510,Production,21121,"Viande, poulet, fraîche ou réfrigérée",2021,2021,tonnes,167980,A,Chiffre officiel
QCL,Cultures et produits animaux,764,Thaïlande,5510,Production,21121,"Viande, poulet, fraîche ou réfrigérée",2021,2021,tonnes,"1796629,8",I,Valeur imputée
QCL,Cultures et produits animaux,626,Timor-Leste,5510,Production,21121,"Viande, poulet, fraîche ou réfrigérée",2021,2021,tonnes,"530,5",I,Valeur imputée
QCL,Cultures et produits animaux,768,Togo,5510,Production,21121,"Viande, poulet, fraîche ou réfrigérée",2021,2021,tonnes,"24911,3",A,Chiffre officiel
QCL,Cultures et produits animaux,772,Tokélaou,5510,Production,21121,"Viande, poulet, fraîche ou réfrigérée",2021,2021,tonnes,"4,8",I,Valeur imputée
QCL,Cultures et produits animaux,776,Tonga,5510,Production,21121,"Viande, poulet, fraîche ou réfrigérée",2021,2021,tonnes,274,I,Valeur imputée
QCL,Cultures et produits animaux,780,Trinité-et-Tobago,5510,Production,21121,"Viande, poulet, fraîche ou réfrigérée",2021,2021,tonnes,"46112,8",A,Chiffre officiel
QCL,Cultures et produits animaux,788,Tunisie,5510,Production,21121,"Viande, poulet, fraîche ou réfrigérée",2021,2021,tonnes,152300,A,Chiffre officiel
QCL,Cultures et produits animaux,795,Turkménistan,5510,Production,21121,"Viande, poulet, fraîche ou réfrigérée",2021,2021,tonnes,21555,A,Chiffre officiel
QCL,Cultures et produits animaux,792,Turquie,5510,Production,21121,"Viande, poulet, fraîche ou réfrigérée",2021,2021,tonnes,"2245770,4",A,Chiffre officiel
QCL,Cultures et produits animaux,798,Tuvalu,5510,Production,21121,"Viande, poulet, fraîche ou réfrigérée",2021,2021,tonnes,63,I,Valeur imputée
QCL,Cultures et produits animaux,804,Ukraine,5510,Production,21121,"Viande, poulet, fraîche ou réfrigérée",2021,2021,tonnes,1313700,A,Chiffre officiel
QCL,Cultures et produits animaux,858,Uruguay,5510,Production,21121,"Viande, poulet, fraîche ou réfrigérée",2021,2021,tonnes,82421,A,Chiffre officiel
QCL,Cultures et produits animaux,548,Vanuatu,5510,Production,21121,"Viande, poulet, fraîche ou réfrigérée",2021,2021,tonnes,"618,7",I,Valeur imputée
QCL,Cultures et produits animaux,862,Venezuela (République bolivarienne du),5510,Production,21121,"Viande, poulet, fraîche ou réfrigérée",2021,2021,tonnes,"432395,9",I,Valeur imputée
QCL,Cultures et produits animaux,704,Viet Nam,5510,Production,21121,"Viande, poulet, fraîche ou réfrigérée",2021,2021,tonnes,"1277360,7",I,Valeur imputée
QCL,Cultures et produits animaux,887,Yémen,5510,Production,21121,"Viande, poulet, fraîche ou réfrigérée",2021,2021,tonnes,"198878,6",A,Chiffre officiel
QCL,Cultures et produits animaux,894,Zambie,5510,Production,21121,"Viande, poulet, fraîche ou réfrigérée",2021,2021,tonnes,"50533,3",I,Valeur imputée
QCL,Cultures et produits animaux,716,Zimbabwe,5510,Production,21121,"Viande, poulet, fraîche ou réfrigérée",2021,2021,tonnes,113000,E,Valeur estimée